{
    "0.00": 0.7577119120646857,
    "0.02": 0.685088361137286,
    "0.04": 0.5900135884834727,
    "0.06": 0.4767078844797751,
    "0.08": 0.36389400310178216,
    "0.10": 0.25618257273704986,
    "0.13": 0.13047253933076425,
    "0.17": 0.05505423595644423,
    "0.20": 0.029888820141088446
}