{
    "0.00": 0.7145553387791722,
    "0.02": 0.57776988536808,
    "0.04": 0.5065993010477491,
    "0.06": 0.43556721272479726,
    "0.08": 0.3592241411603693,
    "0.10": 0.28198809456004764,
    "0.13": 0.1739620849375248,
    "0.17": 0.07814872021763607,
    "0.20": 0.03739924607716528
}