{
    "0.00": 0.7410387394712282,
    "0.02": 0.7288771929283836,
    "0.04": 0.6824336931254088,
    "0.06": 0.6115772152506214,
    "0.08": 0.5187099841196903,
    "0.10": 0.41852322936340336,
    "0.13": 0.2696352683738055,
    "0.17": 0.13490422771525076,
    "0.20": 0.06826925921853622
}