{
    "0.00": 0.7113217573075076,
    "0.02": 0.7171214543685618,
    "0.04": 0.7081647344208624,
    "0.06": 0.6928856348112807,
    "0.08": 0.669528951202191,
    "0.10": 0.6409987761447492,
    "0.13": 0.5760495353244179,
    "0.17": 0.45579254219453136,
    "0.20": 0.3497332255786464
}