{
    "0.00": 0.6269439774241297,
    "0.02": 0.6436603665253173,
    "0.04": 0.6535132861197365,
    "0.06": 0.6576439662852204,
    "0.08": 0.6583031152878098,
    "0.10": 0.655707853102782,
    "0.13": 0.6485179734406412,
    "0.17": 0.6343345828033762,
    "0.20": 0.618937232132721
}