{
    "0.00": 0.6877820912007075,
    "0.02": 0.7009106163403318,
    "0.04": 0.7001660407666581,
    "0.06": 0.6938232785905217,
    "0.08": 0.6825366805973297,
    "0.10": 0.6673971879841576,
    "0.13": 0.6363170748220447,
    "0.17": 0.5840916716162128,
    "0.20": 0.5284036252005495
}