{
    "0.00": 0.6242097161997066,
    "0.02": 0.6041818612271493,
    "0.04": 0.5717235516011202,
    "0.06": 0.5326999029863507,
    "0.08": 0.49088341431922144,
    "0.10": 0.4466010450180769,
    "0.13": 0.37508759995001495,
    "0.17": 0.2767961547795049,
    "0.20": 0.20500894395632147
}